<?xml version="1.0" encoding="utf-8"?>
<project outputprefix="kblcd">

    <!--  Project description -->
    <name>IMP - projekt</name>
    <author>Tomas Kukan</author>
    <authoremail>xkukan00@fit.vutbr.cz</authoremail>
    <revision>20181219</revision>
    <description>Jednoducha aplikace reprezentujici jednoduchy hudebni nastroj.</description>

    <!--  MCU part -->
    <mcu>
        <include>mcu/libs/keyboard/package.xml</include>
        <include>mcu/libs/lcd/package.xml</include>
        <file>main.c</file>
    </mcu>

    <!-- FPGA part -->
    <fpga>
        <include>fpga/ctrls/keyboard/package.xml</include>
        <include>fpga/ctrls/lcd/package.xml</include>
        <file>top_level.vhd</file>
    </fpga>

</project>
